{"cameraMode":{"drawMode":0,"name":"Shaded","section":"Shading Mode"},"sceneLighting":true,"audioPlay":false,"sceneViewState":{"showFog":true,"showMaterialUpdate":true,"showSkybox":true,"showFlares":true,"showImageEffects":true,"showParticleSystems":true},"in2DMode":false,"pivot":{"x":-3.3667023181915285,"y":2.6712229251861574,"z":4.47858190536499},"rotation":{"x":-0.20428860187530518,"y":0.6414058208465576,"z":-0.18257881700992585,"w":-0.7167996168136597},"size":22.0,"orthographic":false}