{"cameraMode":{"drawMode":0,"name":"Shaded","section":"Shading Mode"},"sceneLighting":true,"audioPlay":false,"sceneViewState":{"showFog":true,"showMaterialUpdate":true,"showSkybox":true,"showFlares":true,"showImageEffects":true,"showParticleSystems":true},"in2DMode":false,"pivot":{"x":126.23336029052735,"y":27.83733558654785,"z":11.760749816894532},"rotation":{"x":-0.01685149222612381,"y":0.6836547255516052,"z":0.015798622742295266,"w":0.729447066783905},"size":237.65725708007813,"orthographic":false}